path,bytes,sha256
data/processed/analysis_dataset_v2.csv,24944302,39de88746b78cdcb8faf97ab1bd7a8d85cd2f2a37aa55c1662946f167d76a03d
data/raw/Renewable energy production across U.S. states.xlsx,13556,f3b9bcd35193a6bb461edcf0437f209999b6c6ab68a2e63ed245c9a608226765
reports/PAPER_DID.pdf,4270841,d04bba8b4196568484ccb058057cd61bff8d779b4d42d184cdd0943a8fe924f2
reports/figures/fig10_burden_trends.png,366549,d306e33468b2c2d695ec6d4b3bd6c652a6cb9f537d3f7db18f26c95e376bdc1b
reports/figures/fig11_75_25_parallel_trends.png,448437,084cc7834bfc8f32fec652f90a5059bfec4a1618d4e7f3cf32012fe57be5669c
reports/figures/fig12_75_25_event_study.png,110532,d9a4a21ab750b95fd6ebe24b38477f746786979899cbbc8268c90acb7dfbfde9
reports/figures/fig13_treatment_comparison.png,73277,ecf2e290feac6f30375a3decd741953dcd4bccc1b670a663b87bf8d09efc7e3b
reports/figures/fig14_state_distribution.png,136831,6a8c122b106300e809164407b4da3f604316184d24ea955791f69c51ac4d9659
reports/figures/fig1_parallel_trends.png,443096,0bdc02630332fb6ef87dc4dfdbe13ebcba60206ed18f71252ac931b8dd5b89c5
reports/figures/fig2_event_study_annual.png,115254,3426e54dcb3f6a33a3f9e38b164af0a870ea245fc9c8b7260dec359f18202daf
reports/figures/fig2b_event_study_quarterly.png,153449,a0e880f2d5d4c47fd2da7c4e4d3f61f1678690c8bfc1ece600cadb601be3f127
reports/figures/fig3_trends_tercile.png,274562,23225ff177e5d91f5d393624d05f7d63e7c20c8774095fd17e99b3c52fd98dce
reports/figures/fig4_distributions.png,226224,5cc7dd7e4e5037b8c2b980ed1f8844b2b846539cda16f91d821024fa14314ca3
reports/figures/fig5_component_trends.png,389502,3e16b7b70df791a3f2ae88617ccef4ebbd5fd0e3aecb913c9ec92966c233491a
reports/figures/fig6_income_heterogeneity.png,78505,6433281e6b783691b2b4fb042f148e738fdb95fdbe1a63ac422f74501055c1f0
reports/figures/fig7_event_study_high_income.png,116261,c96d320532580e016e9d2b28f52ae04c45033cbdb32f363012e1a864330ad7bf
reports/figures/fig8_event_study_burden.png,93846,14ff82b4e003c79a0c6e523cce54e34730c8a5857e5a476b2be080a618620295
reports/figures/fig9_high_income_trends.png,464942,5e11877a7d350ed26ae5e053fb091dce413043fbf8d729508413e724f6eb7751
reports/paper_energy_did_v2_final.pdf,3193417,c3cce231ae387ee46c6f3e7edc77b0ecb4457769867bd03490bab4a2b34bcc09
