filename,bytes,sha256
fmli191.sas7bdat,26836992,fd83775437451d5874d159462c6fbbb3687f6b6c47293b11ffda5402c7676cff
fmli191x.sas7bdat,27656192,3203511da3c165dbf6db009df34d3b520ea45c58455d7b180cac95527ac1a6f4
fmli192.sas7bdat,27000832,d7839b67e347f01970a5fb7af5bb5f9946ae580b5d3034d1da556731bbc82f40
fmli193.sas7bdat,26214400,325ebc949bc31b0fd8a7eab163f72079ee614d7a8b8c355d437adbdba11bf19f
fmli194.sas7bdat,25821184,03685531676fe88c9d6d70e10a699471cc6616df90021ff214ebbdd26958f11c
fmli201.sas7bdat,25559040,9dd608d47c67e0bb7d141137025b22f4c3168d2048d9453e06e50754afba828f
fmli202.sas7bdat,23330816,45522fa2051a6d70966db131cf8980bc24183f530ebe25be711ed30cb4114f07
fmli203.sas7bdat,23855104,37c8d143474b5997d46fd712102cba7c22cd6e589c0aea5eb199bc43eb53e6c3
fmli204.sas7bdat,24903680,5b303ac3cff3dc4f905b04a6d704209cf32ec26a37d4257d4a9551a44271453d
fmli211.sas7bdat,24379392,4f672d429cb5e5e70d16929ab5c02d68afbaf427ba2101546c387af1ffa270db
fmli212.csv,17078509,bc61d415cfdb84078fbd137266fa6283ff3d6ba75fdb84b6c2dedcc59007319a
fmli213.csv,16851894,d0b5e092f3b86586d359bf6447d9f89f558c73be0534da80d9a63dc15ed28bde
fmli214.csv,16163204,25444f28574e3ed795a074264f3562491eb0dc33378e0b88153b1111a6b5e45b
fmli221.csv,17098522,4de19335004e8b4a57b401b41e605a87b110420c30dad96aa6f4a526ef9835b3
fmli222.csv,17079103,aee2f39dcf1d46daa4cdce211050ea771504ff2892ed1dd634cdc6bc308be840
fmli223.csv,15142933,7399ec084c90d80dc85f9458ef659fb1c6159823935c3e960912976c691ecd25
fmli224.csv,15253663,39792c50fc64c35466891682195486429b6253e13954842805fcb8314f1b31c5
fmli231.csv,15906135,e748786bb5da62c96238eb74dfc27ca0bb1c0ff70eca37870a8ca20ab30243c1
fmli232.csv,15720734,61d3b6650122016956a559c80430a7e204117856ff2d77b38e65825f754eaff6
fmli233.csv,15794226,32a4ddd182f3701ceff1dc8dbc05f3def14ec66fefbf6c4db1b17f2a4bb9401c
fmli234.csv,15427493,e540f31c33a5aea5f387a8e53d3e1605ffa582b23bb6979b8c886ff521df7c31
fmli241.csv,15512631,cbfd0221951ed26943d2f3b5ca80ed808ddc3eac4432d9b6222dadc161636236
